,Run #,Region,Year,Output Name,Value
0,1,REA,Unnamed: 21,carbon_price_USD2007_per_ton_CO2e,
1,2,REA,Unnamed: 21,carbon_price_USD2007_per_ton_CO2e,
2,3,REA,Unnamed: 21,carbon_price_USD2007_per_ton_CO2e,
3,4,REA,Unnamed: 21,carbon_price_USD2007_per_ton_CO2e,
4,5,REA,Unnamed: 21,carbon_price_USD2007_per_ton_CO2e,
5,6,REA,Unnamed: 21,carbon_price_USD2007_per_ton_CO2e,
6,7,REA,Unnamed: 21,carbon_price_USD2007_per_ton_CO2e,
7,8,REA,Unnamed: 21,carbon_price_USD2007_per_ton_CO2e,
8,9,REA,Unnamed: 21,carbon_price_USD2007_per_ton_CO2e, 
9,10,REA,Unnamed: 21,carbon_price_USD2007_per_ton_CO2e,
10,11,REA,Unnamed: 21,carbon_price_USD2007_per_ton_CO2e,
11,12,REA,Unnamed: 21,carbon_price_USD2007_per_ton_CO2e,
12,13,REA,Unnamed: 21,carbon_price_USD2007_per_ton_CO2e,
13,14,REA,Unnamed: 21,carbon_price_USD2007_per_ton_CO2e,
14,15,REA,Unnamed: 21,carbon_price_USD2007_per_ton_CO2e,
15,16,REA,Unnamed: 21,carbon_price_USD2007_per_ton_CO2e,
16,17,REA,Unnamed: 21,carbon_price_USD2007_per_ton_CO2e,
17,18,REA,Unnamed: 21,carbon_price_USD2007_per_ton_CO2e,
18,19,REA,Unnamed: 21,carbon_price_USD2007_per_ton_CO2e,
19,20,REA,Unnamed: 21,carbon_price_USD2007_per_ton_CO2e,
20,21,REA,Unnamed: 21,carbon_price_USD2007_per_ton_CO2e,
21,22,REA,Unnamed: 21,carbon_price_USD2007_per_ton_CO2e,
22,23,REA,Unnamed: 21,carbon_price_USD2007_per_ton_CO2e,
23,24,REA,Unnamed: 21,carbon_price_USD2007_per_ton_CO2e,
24,25,REA,Unnamed: 21,carbon_price_USD2007_per_ton_CO2e,
25,26,REA,Unnamed: 21,carbon_price_USD2007_per_ton_CO2e,
26,27,REA,Unnamed: 21,carbon_price_USD2007_per_ton_CO2e,
27,28,REA,Unnamed: 21,carbon_price_USD2007_per_ton_CO2e,
28,29,REA,Unnamed: 21,carbon_price_USD2007_per_ton_CO2e,
29,30,REA,Unnamed: 21,carbon_price_USD2007_per_ton_CO2e,
30,31,REA,Unnamed: 21,carbon_price_USD2007_per_ton_CO2e,
31,32,REA,Unnamed: 21,carbon_price_USD2007_per_ton_CO2e,
32,33,REA,Unnamed: 21,carbon_price_USD2007_per_ton_CO2e,
33,34,REA,Unnamed: 21,carbon_price_USD2007_per_ton_CO2e,
34,35,REA,Unnamed: 21,carbon_price_USD2007_per_ton_CO2e,
35,36,REA,Unnamed: 21,carbon_price_USD2007_per_ton_CO2e,
36,37,REA,Unnamed: 21,carbon_price_USD2007_per_ton_CO2e,
37,38,REA,Unnamed: 21,carbon_price_USD2007_per_ton_CO2e,
38,39,REA,Unnamed: 21,carbon_price_USD2007_per_ton_CO2e,
39,40,REA,Unnamed: 21,carbon_price_USD2007_per_ton_CO2e,
40,41,REA,Unnamed: 21,carbon_price_USD2007_per_ton_CO2e,
41,42,REA,Unnamed: 21,carbon_price_USD2007_per_ton_CO2e,
42,43,REA,Unnamed: 21,carbon_price_USD2007_per_ton_CO2e,
43,44,REA,Unnamed: 21,carbon_price_USD2007_per_ton_CO2e,
44,45,REA,Unnamed: 21,carbon_price_USD2007_per_ton_CO2e,
45,46,REA,Unnamed: 21,carbon_price_USD2007_per_ton_CO2e,
46,47,REA,Unnamed: 21,carbon_price_USD2007_per_ton_CO2e,
47,48,REA,Unnamed: 21,carbon_price_USD2007_per_ton_CO2e,
48,49,REA,Unnamed: 21,carbon_price_USD2007_per_ton_CO2e,
49,50,REA,Unnamed: 21,carbon_price_USD2007_per_ton_CO2e,
50,51,REA,Unnamed: 21,carbon_price_USD2007_per_ton_CO2e,
51,52,REA,Unnamed: 21,carbon_price_USD2007_per_ton_CO2e,
52,53,REA,Unnamed: 21,carbon_price_USD2007_per_ton_CO2e,
53,54,REA,Unnamed: 21,carbon_price_USD2007_per_ton_CO2e,
54,55,REA,Unnamed: 21,carbon_price_USD2007_per_ton_CO2e,
55,56,REA,Unnamed: 21,carbon_price_USD2007_per_ton_CO2e,
56,57,REA,Unnamed: 21,carbon_price_USD2007_per_ton_CO2e,
57,58,REA,Unnamed: 21,carbon_price_USD2007_per_ton_CO2e,
58,59,REA,Unnamed: 21,carbon_price_USD2007_per_ton_CO2e,
59,60,REA,Unnamed: 21,carbon_price_USD2007_per_ton_CO2e,
60,61,REA,Unnamed: 21,carbon_price_USD2007_per_ton_CO2e,
61,62,REA,Unnamed: 21,carbon_price_USD2007_per_ton_CO2e,
62,63,REA,Unnamed: 21,carbon_price_USD2007_per_ton_CO2e,
63,64,REA,Unnamed: 21,carbon_price_USD2007_per_ton_CO2e,
64,65,REA,Unnamed: 21,carbon_price_USD2007_per_ton_CO2e,
65,66,REA,Unnamed: 21,carbon_price_USD2007_per_ton_CO2e,
66,67,REA,Unnamed: 21,carbon_price_USD2007_per_ton_CO2e,
67,68,REA,Unnamed: 21,carbon_price_USD2007_per_ton_CO2e,
68,69,REA,Unnamed: 21,carbon_price_USD2007_per_ton_CO2e,
69,70,REA,Unnamed: 21,carbon_price_USD2007_per_ton_CO2e,
70,71,REA,Unnamed: 21,carbon_price_USD2007_per_ton_CO2e,
71,72,REA,Unnamed: 21,carbon_price_USD2007_per_ton_CO2e,
72,73,REA,Unnamed: 21,carbon_price_USD2007_per_ton_CO2e,
73,74,REA,Unnamed: 21,carbon_price_USD2007_per_ton_CO2e,
74,75,REA,Unnamed: 21,carbon_price_USD2007_per_ton_CO2e,
75,76,REA,Unnamed: 21,carbon_price_USD2007_per_ton_CO2e,
76,77,REA,Unnamed: 21,carbon_price_USD2007_per_ton_CO2e,
77,78,REA,Unnamed: 21,carbon_price_USD2007_per_ton_CO2e,
78,79,REA,Unnamed: 21,carbon_price_USD2007_per_ton_CO2e,
79,80,REA,Unnamed: 21,carbon_price_USD2007_per_ton_CO2e,
80,81,REA,Unnamed: 21,carbon_price_USD2007_per_ton_CO2e,
81,82,REA,Unnamed: 21,carbon_price_USD2007_per_ton_CO2e,
82,83,REA,Unnamed: 21,carbon_price_USD2007_per_ton_CO2e,
83,84,REA,Unnamed: 21,carbon_price_USD2007_per_ton_CO2e,
84,85,REA,Unnamed: 21,carbon_price_USD2007_per_ton_CO2e,
85,86,REA,Unnamed: 21,carbon_price_USD2007_per_ton_CO2e,
86,87,REA,Unnamed: 21,carbon_price_USD2007_per_ton_CO2e,
87,88,REA,Unnamed: 21,carbon_price_USD2007_per_ton_CO2e,
88,89,REA,Unnamed: 21,carbon_price_USD2007_per_ton_CO2e,
89,90,REA,Unnamed: 21,carbon_price_USD2007_per_ton_CO2e,
90,91,REA,Unnamed: 21,carbon_price_USD2007_per_ton_CO2e,
91,92,REA,Unnamed: 21,carbon_price_USD2007_per_ton_CO2e,
92,93,REA,Unnamed: 21,carbon_price_USD2007_per_ton_CO2e,
93,94,REA,Unnamed: 21,carbon_price_USD2007_per_ton_CO2e,
94,95,REA,Unnamed: 21,carbon_price_USD2007_per_ton_CO2e,
95,96,REA,Unnamed: 21,carbon_price_USD2007_per_ton_CO2e,
96,97,REA,Unnamed: 21,carbon_price_USD2007_per_ton_CO2e,
97,98,REA,Unnamed: 21,carbon_price_USD2007_per_ton_CO2e,
98,99,REA,Unnamed: 21,carbon_price_USD2007_per_ton_CO2e,
99,100,REA,Unnamed: 21,carbon_price_USD2007_per_ton_CO2e,
100,101,REA,Unnamed: 21,carbon_price_USD2007_per_ton_CO2e,
101,102,REA,Unnamed: 21,carbon_price_USD2007_per_ton_CO2e,
102,103,REA,Unnamed: 21,carbon_price_USD2007_per_ton_CO2e,
103,104,REA,Unnamed: 21,carbon_price_USD2007_per_ton_CO2e,
104,105,REA,Unnamed: 21,carbon_price_USD2007_per_ton_CO2e,
105,106,REA,Unnamed: 21,carbon_price_USD2007_per_ton_CO2e,
106,107,REA,Unnamed: 21,carbon_price_USD2007_per_ton_CO2e,
107,108,REA,Unnamed: 21,carbon_price_USD2007_per_ton_CO2e,
108,109,REA,Unnamed: 21,carbon_price_USD2007_per_ton_CO2e,
109,110,REA,Unnamed: 21,carbon_price_USD2007_per_ton_CO2e,
110,111,REA,Unnamed: 21,carbon_price_USD2007_per_ton_CO2e,
111,112,REA,Unnamed: 21,carbon_price_USD2007_per_ton_CO2e,
112,113,REA,Unnamed: 21,carbon_price_USD2007_per_ton_CO2e,
113,114,REA,Unnamed: 21,carbon_price_USD2007_per_ton_CO2e,
114,115,REA,Unnamed: 21,carbon_price_USD2007_per_ton_CO2e,
115,116,REA,Unnamed: 21,carbon_price_USD2007_per_ton_CO2e,
116,117,REA,Unnamed: 21,carbon_price_USD2007_per_ton_CO2e,
117,118,REA,Unnamed: 21,carbon_price_USD2007_per_ton_CO2e,
118,119,REA,Unnamed: 21,carbon_price_USD2007_per_ton_CO2e,
119,120,REA,Unnamed: 21,carbon_price_USD2007_per_ton_CO2e,
120,121,REA,Unnamed: 21,carbon_price_USD2007_per_ton_CO2e,
121,122,REA,Unnamed: 21,carbon_price_USD2007_per_ton_CO2e,
122,123,REA,Unnamed: 21,carbon_price_USD2007_per_ton_CO2e,
123,124,REA,Unnamed: 21,carbon_price_USD2007_per_ton_CO2e,
124,125,REA,Unnamed: 21,carbon_price_USD2007_per_ton_CO2e,
125,126,REA,Unnamed: 21,carbon_price_USD2007_per_ton_CO2e,
126,127,REA,Unnamed: 21,carbon_price_USD2007_per_ton_CO2e,
127,128,REA,Unnamed: 21,carbon_price_USD2007_per_ton_CO2e,
128,129,REA,Unnamed: 21,carbon_price_USD2007_per_ton_CO2e,
129,130,REA,Unnamed: 21,carbon_price_USD2007_per_ton_CO2e,
130,131,REA,Unnamed: 21,carbon_price_USD2007_per_ton_CO2e,
131,132,REA,Unnamed: 21,carbon_price_USD2007_per_ton_CO2e,
132,133,REA,Unnamed: 21,carbon_price_USD2007_per_ton_CO2e,
133,134,REA,Unnamed: 21,carbon_price_USD2007_per_ton_CO2e,
134,135,REA,Unnamed: 21,carbon_price_USD2007_per_ton_CO2e,
135,136,REA,Unnamed: 21,carbon_price_USD2007_per_ton_CO2e,
136,137,REA,Unnamed: 21,carbon_price_USD2007_per_ton_CO2e,
137,138,REA,Unnamed: 21,carbon_price_USD2007_per_ton_CO2e,
138,139,REA,Unnamed: 21,carbon_price_USD2007_per_ton_CO2e,
139,140,REA,Unnamed: 21,carbon_price_USD2007_per_ton_CO2e,
140,141,REA,Unnamed: 21,carbon_price_USD2007_per_ton_CO2e,
141,142,REA,Unnamed: 21,carbon_price_USD2007_per_ton_CO2e,
142,143,REA,Unnamed: 21,carbon_price_USD2007_per_ton_CO2e,
143,144,REA,Unnamed: 21,carbon_price_USD2007_per_ton_CO2e,
144,145,REA,Unnamed: 21,carbon_price_USD2007_per_ton_CO2e,
145,146,REA,Unnamed: 21,carbon_price_USD2007_per_ton_CO2e,
146,147,REA,Unnamed: 21,carbon_price_USD2007_per_ton_CO2e,
147,148,REA,Unnamed: 21,carbon_price_USD2007_per_ton_CO2e,
148,149,REA,Unnamed: 21,carbon_price_USD2007_per_ton_CO2e,
149,150,REA,Unnamed: 21,carbon_price_USD2007_per_ton_CO2e,
150,151,REA,Unnamed: 21,carbon_price_USD2007_per_ton_CO2e,
151,152,REA,Unnamed: 21,carbon_price_USD2007_per_ton_CO2e,
152,153,REA,Unnamed: 21,carbon_price_USD2007_per_ton_CO2e,
153,154,REA,Unnamed: 21,carbon_price_USD2007_per_ton_CO2e,
154,155,REA,Unnamed: 21,carbon_price_USD2007_per_ton_CO2e,
155,156,REA,Unnamed: 21,carbon_price_USD2007_per_ton_CO2e,
156,157,REA,Unnamed: 21,carbon_price_USD2007_per_ton_CO2e,
157,158,REA,Unnamed: 21,carbon_price_USD2007_per_ton_CO2e,
158,159,REA,Unnamed: 21,carbon_price_USD2007_per_ton_CO2e,
159,160,REA,Unnamed: 21,carbon_price_USD2007_per_ton_CO2e,
160,161,REA,Unnamed: 21,carbon_price_USD2007_per_ton_CO2e,
161,162,REA,Unnamed: 21,carbon_price_USD2007_per_ton_CO2e,
162,163,REA,Unnamed: 21,carbon_price_USD2007_per_ton_CO2e,
163,164,REA,Unnamed: 21,carbon_price_USD2007_per_ton_CO2e,
164,165,REA,Unnamed: 21,carbon_price_USD2007_per_ton_CO2e,
165,166,REA,Unnamed: 21,carbon_price_USD2007_per_ton_CO2e,
166,167,REA,Unnamed: 21,carbon_price_USD2007_per_ton_CO2e,
167,168,REA,Unnamed: 21,carbon_price_USD2007_per_ton_CO2e,
168,169,REA,Unnamed: 21,carbon_price_USD2007_per_ton_CO2e,
169,170,REA,Unnamed: 21,carbon_price_USD2007_per_ton_CO2e,
170,171,REA,Unnamed: 21,carbon_price_USD2007_per_ton_CO2e,
171,172,REA,Unnamed: 21,carbon_price_USD2007_per_ton_CO2e,
172,173,REA,Unnamed: 21,carbon_price_USD2007_per_ton_CO2e,
173,174,REA,Unnamed: 21,carbon_price_USD2007_per_ton_CO2e,
174,175,REA,Unnamed: 21,carbon_price_USD2007_per_ton_CO2e,
175,176,REA,Unnamed: 21,carbon_price_USD2007_per_ton_CO2e,
176,177,REA,Unnamed: 21,carbon_price_USD2007_per_ton_CO2e,
177,178,REA,Unnamed: 21,carbon_price_USD2007_per_ton_CO2e,
178,179,REA,Unnamed: 21,carbon_price_USD2007_per_ton_CO2e,
179,180,REA,Unnamed: 21,carbon_price_USD2007_per_ton_CO2e,
180,181,REA,Unnamed: 21,carbon_price_USD2007_per_ton_CO2e,
181,182,REA,Unnamed: 21,carbon_price_USD2007_per_ton_CO2e,
182,183,REA,Unnamed: 21,carbon_price_USD2007_per_ton_CO2e,
183,184,REA,Unnamed: 21,carbon_price_USD2007_per_ton_CO2e,
184,185,REA,Unnamed: 21,carbon_price_USD2007_per_ton_CO2e,
185,186,REA,Unnamed: 21,carbon_price_USD2007_per_ton_CO2e,
186,187,REA,Unnamed: 21,carbon_price_USD2007_per_ton_CO2e,
187,188,REA,Unnamed: 21,carbon_price_USD2007_per_ton_CO2e,
188,189,REA,Unnamed: 21,carbon_price_USD2007_per_ton_CO2e,
189,190,REA,Unnamed: 21,carbon_price_USD2007_per_ton_CO2e,
190,191,REA,Unnamed: 21,carbon_price_USD2007_per_ton_CO2e,
191,192,REA,Unnamed: 21,carbon_price_USD2007_per_ton_CO2e,
192,193,REA,Unnamed: 21,carbon_price_USD2007_per_ton_CO2e,
193,194,REA,Unnamed: 21,carbon_price_USD2007_per_ton_CO2e,
194,195,REA,Unnamed: 21,carbon_price_USD2007_per_ton_CO2e,
195,196,REA,Unnamed: 21,carbon_price_USD2007_per_ton_CO2e,
196,197,REA,Unnamed: 21,carbon_price_USD2007_per_ton_CO2e,
197,198,REA,Unnamed: 21,carbon_price_USD2007_per_ton_CO2e,
198,199,REA,Unnamed: 21,carbon_price_USD2007_per_ton_CO2e,
199,200,REA,Unnamed: 21,carbon_price_USD2007_per_ton_CO2e,
200,201,REA,Unnamed: 21,carbon_price_USD2007_per_ton_CO2e,
201,202,REA,Unnamed: 21,carbon_price_USD2007_per_ton_CO2e,
202,203,REA,Unnamed: 21,carbon_price_USD2007_per_ton_CO2e,
203,204,REA,Unnamed: 21,carbon_price_USD2007_per_ton_CO2e,
204,205,REA,Unnamed: 21,carbon_price_USD2007_per_ton_CO2e,
205,206,REA,Unnamed: 21,carbon_price_USD2007_per_ton_CO2e,
206,207,REA,Unnamed: 21,carbon_price_USD2007_per_ton_CO2e,
207,208,REA,Unnamed: 21,carbon_price_USD2007_per_ton_CO2e,
208,209,REA,Unnamed: 21,carbon_price_USD2007_per_ton_CO2e,
209,210,REA,Unnamed: 21,carbon_price_USD2007_per_ton_CO2e,
210,211,REA,Unnamed: 21,carbon_price_USD2007_per_ton_CO2e,
211,212,REA,Unnamed: 21,carbon_price_USD2007_per_ton_CO2e,
212,213,REA,Unnamed: 21,carbon_price_USD2007_per_ton_CO2e,
213,214,REA,Unnamed: 21,carbon_price_USD2007_per_ton_CO2e,
214,215,REA,Unnamed: 21,carbon_price_USD2007_per_ton_CO2e,
215,216,REA,Unnamed: 21,carbon_price_USD2007_per_ton_CO2e,
216,217,REA,Unnamed: 21,carbon_price_USD2007_per_ton_CO2e,
217,218,REA,Unnamed: 21,carbon_price_USD2007_per_ton_CO2e,
218,219,REA,Unnamed: 21,carbon_price_USD2007_per_ton_CO2e,
219,220,REA,Unnamed: 21,carbon_price_USD2007_per_ton_CO2e,
220,221,REA,Unnamed: 21,carbon_price_USD2007_per_ton_CO2e,
221,222,REA,Unnamed: 21,carbon_price_USD2007_per_ton_CO2e,
222,223,REA,Unnamed: 21,carbon_price_USD2007_per_ton_CO2e,
223,224,REA,Unnamed: 21,carbon_price_USD2007_per_ton_CO2e,
224,225,REA,Unnamed: 21,carbon_price_USD2007_per_ton_CO2e,
225,226,REA,Unnamed: 21,carbon_price_USD2007_per_ton_CO2e,
226,227,REA,Unnamed: 21,carbon_price_USD2007_per_ton_CO2e,
227,228,REA,Unnamed: 21,carbon_price_USD2007_per_ton_CO2e,
228,229,REA,Unnamed: 21,carbon_price_USD2007_per_ton_CO2e,
229,230,REA,Unnamed: 21,carbon_price_USD2007_per_ton_CO2e,
230,231,REA,Unnamed: 21,carbon_price_USD2007_per_ton_CO2e,
231,232,REA,Unnamed: 21,carbon_price_USD2007_per_ton_CO2e,
232,233,REA,Unnamed: 21,carbon_price_USD2007_per_ton_CO2e,
233,234,REA,Unnamed: 21,carbon_price_USD2007_per_ton_CO2e,
234,235,REA,Unnamed: 21,carbon_price_USD2007_per_ton_CO2e,
235,236,REA,Unnamed: 21,carbon_price_USD2007_per_ton_CO2e,
236,237,REA,Unnamed: 21,carbon_price_USD2007_per_ton_CO2e,
237,238,REA,Unnamed: 21,carbon_price_USD2007_per_ton_CO2e,
238,239,REA,Unnamed: 21,carbon_price_USD2007_per_ton_CO2e,
239,240,REA,Unnamed: 21,carbon_price_USD2007_per_ton_CO2e,
240,241,REA,Unnamed: 21,carbon_price_USD2007_per_ton_CO2e,
241,242,REA,Unnamed: 21,carbon_price_USD2007_per_ton_CO2e,
242,243,REA,Unnamed: 21,carbon_price_USD2007_per_ton_CO2e,
243,244,REA,Unnamed: 21,carbon_price_USD2007_per_ton_CO2e,
244,245,REA,Unnamed: 21,carbon_price_USD2007_per_ton_CO2e,
245,246,REA,Unnamed: 21,carbon_price_USD2007_per_ton_CO2e,
246,247,REA,Unnamed: 21,carbon_price_USD2007_per_ton_CO2e,
247,248,REA,Unnamed: 21,carbon_price_USD2007_per_ton_CO2e,
248,249,REA,Unnamed: 21,carbon_price_USD2007_per_ton_CO2e,
249,250,REA,Unnamed: 21,carbon_price_USD2007_per_ton_CO2e,
250,251,REA,Unnamed: 21,carbon_price_USD2007_per_ton_CO2e,
251,252,REA,Unnamed: 21,carbon_price_USD2007_per_ton_CO2e,
252,253,REA,Unnamed: 21,carbon_price_USD2007_per_ton_CO2e,
253,254,REA,Unnamed: 21,carbon_price_USD2007_per_ton_CO2e,
254,255,REA,Unnamed: 21,carbon_price_USD2007_per_ton_CO2e,
255,256,REA,Unnamed: 21,carbon_price_USD2007_per_ton_CO2e,
256,257,REA,Unnamed: 21,carbon_price_USD2007_per_ton_CO2e,
257,258,REA,Unnamed: 21,carbon_price_USD2007_per_ton_CO2e,
258,259,REA,Unnamed: 21,carbon_price_USD2007_per_ton_CO2e,
259,260,REA,Unnamed: 21,carbon_price_USD2007_per_ton_CO2e,
260,261,REA,Unnamed: 21,carbon_price_USD2007_per_ton_CO2e,
261,262,REA,Unnamed: 21,carbon_price_USD2007_per_ton_CO2e,
262,263,REA,Unnamed: 21,carbon_price_USD2007_per_ton_CO2e,
263,264,REA,Unnamed: 21,carbon_price_USD2007_per_ton_CO2e,
264,265,REA,Unnamed: 21,carbon_price_USD2007_per_ton_CO2e,
265,266,REA,Unnamed: 21,carbon_price_USD2007_per_ton_CO2e,
266,267,REA,Unnamed: 21,carbon_price_USD2007_per_ton_CO2e,
267,268,REA,Unnamed: 21,carbon_price_USD2007_per_ton_CO2e,
268,269,REA,Unnamed: 21,carbon_price_USD2007_per_ton_CO2e,
269,270,REA,Unnamed: 21,carbon_price_USD2007_per_ton_CO2e,
270,271,REA,Unnamed: 21,carbon_price_USD2007_per_ton_CO2e,
271,272,REA,Unnamed: 21,carbon_price_USD2007_per_ton_CO2e,
272,273,REA,Unnamed: 21,carbon_price_USD2007_per_ton_CO2e,
273,274,REA,Unnamed: 21,carbon_price_USD2007_per_ton_CO2e,
274,275,REA,Unnamed: 21,carbon_price_USD2007_per_ton_CO2e,
275,276,REA,Unnamed: 21,carbon_price_USD2007_per_ton_CO2e,
276,277,REA,Unnamed: 21,carbon_price_USD2007_per_ton_CO2e,
277,278,REA,Unnamed: 21,carbon_price_USD2007_per_ton_CO2e,
278,279,REA,Unnamed: 21,carbon_price_USD2007_per_ton_CO2e,
279,280,REA,Unnamed: 21,carbon_price_USD2007_per_ton_CO2e,
280,281,REA,Unnamed: 21,carbon_price_USD2007_per_ton_CO2e,
281,282,REA,Unnamed: 21,carbon_price_USD2007_per_ton_CO2e,
282,283,REA,Unnamed: 21,carbon_price_USD2007_per_ton_CO2e,
283,284,REA,Unnamed: 21,carbon_price_USD2007_per_ton_CO2e,
284,285,REA,Unnamed: 21,carbon_price_USD2007_per_ton_CO2e,
285,286,REA,Unnamed: 21,carbon_price_USD2007_per_ton_CO2e,
286,287,REA,Unnamed: 21,carbon_price_USD2007_per_ton_CO2e,
287,288,REA,Unnamed: 21,carbon_price_USD2007_per_ton_CO2e,
288,289,REA,Unnamed: 21,carbon_price_USD2007_per_ton_CO2e,
289,290,REA,Unnamed: 21,carbon_price_USD2007_per_ton_CO2e,
290,291,REA,Unnamed: 21,carbon_price_USD2007_per_ton_CO2e,
291,292,REA,Unnamed: 21,carbon_price_USD2007_per_ton_CO2e,
292,293,REA,Unnamed: 21,carbon_price_USD2007_per_ton_CO2e,
293,294,REA,Unnamed: 21,carbon_price_USD2007_per_ton_CO2e,
294,295,REA,Unnamed: 21,carbon_price_USD2007_per_ton_CO2e,
295,296,REA,Unnamed: 21,carbon_price_USD2007_per_ton_CO2e,
296,297,REA,Unnamed: 21,carbon_price_USD2007_per_ton_CO2e,
297,298,REA,Unnamed: 21,carbon_price_USD2007_per_ton_CO2e,
298,299,REA,Unnamed: 21,carbon_price_USD2007_per_ton_CO2e,
299,300,REA,Unnamed: 21,carbon_price_USD2007_per_ton_CO2e,
300,301,REA,Unnamed: 21,carbon_price_USD2007_per_ton_CO2e,
301,302,REA,Unnamed: 21,carbon_price_USD2007_per_ton_CO2e,
302,303,REA,Unnamed: 21,carbon_price_USD2007_per_ton_CO2e,
303,304,REA,Unnamed: 21,carbon_price_USD2007_per_ton_CO2e,
304,305,REA,Unnamed: 21,carbon_price_USD2007_per_ton_CO2e,
305,306,REA,Unnamed: 21,carbon_price_USD2007_per_ton_CO2e,
306,307,REA,Unnamed: 21,carbon_price_USD2007_per_ton_CO2e,
307,308,REA,Unnamed: 21,carbon_price_USD2007_per_ton_CO2e,
308,309,REA,Unnamed: 21,carbon_price_USD2007_per_ton_CO2e,
309,310,REA,Unnamed: 21,carbon_price_USD2007_per_ton_CO2e,
310,311,REA,Unnamed: 21,carbon_price_USD2007_per_ton_CO2e,
311,312,REA,Unnamed: 21,carbon_price_USD2007_per_ton_CO2e,
312,313,REA,Unnamed: 21,carbon_price_USD2007_per_ton_CO2e,
313,314,REA,Unnamed: 21,carbon_price_USD2007_per_ton_CO2e,
314,315,REA,Unnamed: 21,carbon_price_USD2007_per_ton_CO2e,
315,316,REA,Unnamed: 21,carbon_price_USD2007_per_ton_CO2e,
316,317,REA,Unnamed: 21,carbon_price_USD2007_per_ton_CO2e,
317,318,REA,Unnamed: 21,carbon_price_USD2007_per_ton_CO2e,
318,319,REA,Unnamed: 21,carbon_price_USD2007_per_ton_CO2e,
319,320,REA,Unnamed: 21,carbon_price_USD2007_per_ton_CO2e,
320,321,REA,Unnamed: 21,carbon_price_USD2007_per_ton_CO2e,
321,322,REA,Unnamed: 21,carbon_price_USD2007_per_ton_CO2e,
322,323,REA,Unnamed: 21,carbon_price_USD2007_per_ton_CO2e,
323,324,REA,Unnamed: 21,carbon_price_USD2007_per_ton_CO2e,
324,325,REA,Unnamed: 21,carbon_price_USD2007_per_ton_CO2e,
325,326,REA,Unnamed: 21,carbon_price_USD2007_per_ton_CO2e,
326,327,REA,Unnamed: 21,carbon_price_USD2007_per_ton_CO2e,
327,328,REA,Unnamed: 21,carbon_price_USD2007_per_ton_CO2e,
328,329,REA,Unnamed: 21,carbon_price_USD2007_per_ton_CO2e,
329,330,REA,Unnamed: 21,carbon_price_USD2007_per_ton_CO2e,
330,331,REA,Unnamed: 21,carbon_price_USD2007_per_ton_CO2e,
331,332,REA,Unnamed: 21,carbon_price_USD2007_per_ton_CO2e,
332,333,REA,Unnamed: 21,carbon_price_USD2007_per_ton_CO2e,
333,334,REA,Unnamed: 21,carbon_price_USD2007_per_ton_CO2e,
334,335,REA,Unnamed: 21,carbon_price_USD2007_per_ton_CO2e,
335,336,REA,Unnamed: 21,carbon_price_USD2007_per_ton_CO2e,
336,337,REA,Unnamed: 21,carbon_price_USD2007_per_ton_CO2e,
337,338,REA,Unnamed: 21,carbon_price_USD2007_per_ton_CO2e,
338,339,REA,Unnamed: 21,carbon_price_USD2007_per_ton_CO2e,
339,340,REA,Unnamed: 21,carbon_price_USD2007_per_ton_CO2e,
340,341,REA,Unnamed: 21,carbon_price_USD2007_per_ton_CO2e,
341,342,REA,Unnamed: 21,carbon_price_USD2007_per_ton_CO2e,
342,343,REA,Unnamed: 21,carbon_price_USD2007_per_ton_CO2e,
343,344,REA,Unnamed: 21,carbon_price_USD2007_per_ton_CO2e,
344,345,REA,Unnamed: 21,carbon_price_USD2007_per_ton_CO2e,
345,346,REA,Unnamed: 21,carbon_price_USD2007_per_ton_CO2e,
346,347,REA,Unnamed: 21,carbon_price_USD2007_per_ton_CO2e,
347,348,REA,Unnamed: 21,carbon_price_USD2007_per_ton_CO2e,
348,349,REA,Unnamed: 21,carbon_price_USD2007_per_ton_CO2e,
349,350,REA,Unnamed: 21,carbon_price_USD2007_per_ton_CO2e,
350,351,REA,Unnamed: 21,carbon_price_USD2007_per_ton_CO2e,
351,352,REA,Unnamed: 21,carbon_price_USD2007_per_ton_CO2e,
352,353,REA,Unnamed: 21,carbon_price_USD2007_per_ton_CO2e,
353,354,REA,Unnamed: 21,carbon_price_USD2007_per_ton_CO2e,
354,355,REA,Unnamed: 21,carbon_price_USD2007_per_ton_CO2e,
355,356,REA,Unnamed: 21,carbon_price_USD2007_per_ton_CO2e,
356,357,REA,Unnamed: 21,carbon_price_USD2007_per_ton_CO2e,
357,358,REA,Unnamed: 21,carbon_price_USD2007_per_ton_CO2e,
358,359,REA,Unnamed: 21,carbon_price_USD2007_per_ton_CO2e,
359,360,REA,Unnamed: 21,carbon_price_USD2007_per_ton_CO2e,
360,361,REA,Unnamed: 21,carbon_price_USD2007_per_ton_CO2e,
361,362,REA,Unnamed: 21,carbon_price_USD2007_per_ton_CO2e,
362,363,REA,Unnamed: 21,carbon_price_USD2007_per_ton_CO2e,
363,364,REA,Unnamed: 21,carbon_price_USD2007_per_ton_CO2e,
364,365,REA,Unnamed: 21,carbon_price_USD2007_per_ton_CO2e,
365,366,REA,Unnamed: 21,carbon_price_USD2007_per_ton_CO2e,
366,367,REA,Unnamed: 21,carbon_price_USD2007_per_ton_CO2e,
367,368,REA,Unnamed: 21,carbon_price_USD2007_per_ton_CO2e,
368,369,REA,Unnamed: 21,carbon_price_USD2007_per_ton_CO2e,
369,370,REA,Unnamed: 21,carbon_price_USD2007_per_ton_CO2e,
370,371,REA,Unnamed: 21,carbon_price_USD2007_per_ton_CO2e,
371,372,REA,Unnamed: 21,carbon_price_USD2007_per_ton_CO2e,
372,373,REA,Unnamed: 21,carbon_price_USD2007_per_ton_CO2e,
373,374,REA,Unnamed: 21,carbon_price_USD2007_per_ton_CO2e,
374,375,REA,Unnamed: 21,carbon_price_USD2007_per_ton_CO2e,
375,376,REA,Unnamed: 21,carbon_price_USD2007_per_ton_CO2e,
376,377,REA,Unnamed: 21,carbon_price_USD2007_per_ton_CO2e,
377,378,REA,Unnamed: 21,carbon_price_USD2007_per_ton_CO2e,
378,379,REA,Unnamed: 21,carbon_price_USD2007_per_ton_CO2e,
379,380,REA,Unnamed: 21,carbon_price_USD2007_per_ton_CO2e,
380,381,REA,Unnamed: 21,carbon_price_USD2007_per_ton_CO2e,
381,382,REA,Unnamed: 21,carbon_price_USD2007_per_ton_CO2e,
382,383,REA,Unnamed: 21,carbon_price_USD2007_per_ton_CO2e,
383,384,REA,Unnamed: 21,carbon_price_USD2007_per_ton_CO2e,
384,385,REA,Unnamed: 21,carbon_price_USD2007_per_ton_CO2e,
385,386,REA,Unnamed: 21,carbon_price_USD2007_per_ton_CO2e,
386,387,REA,Unnamed: 21,carbon_price_USD2007_per_ton_CO2e,
387,388,REA,Unnamed: 21,carbon_price_USD2007_per_ton_CO2e,
388,389,REA,Unnamed: 21,carbon_price_USD2007_per_ton_CO2e,
389,390,REA,Unnamed: 21,carbon_price_USD2007_per_ton_CO2e,
390,391,REA,Unnamed: 21,carbon_price_USD2007_per_ton_CO2e,
391,392,REA,Unnamed: 21,carbon_price_USD2007_per_ton_CO2e,
392,393,REA,Unnamed: 21,carbon_price_USD2007_per_ton_CO2e,
393,394,REA,Unnamed: 21,carbon_price_USD2007_per_ton_CO2e,
394,395,REA,Unnamed: 21,carbon_price_USD2007_per_ton_CO2e,
395,396,REA,Unnamed: 21,carbon_price_USD2007_per_ton_CO2e,
396,397,REA,Unnamed: 21,carbon_price_USD2007_per_ton_CO2e,
397,398,REA,Unnamed: 21,carbon_price_USD2007_per_ton_CO2e,
398,399,REA,Unnamed: 21,carbon_price_USD2007_per_ton_CO2e,
399,400,REA,Unnamed: 21,carbon_price_USD2007_per_ton_CO2e,
